Categoria,Chiave di ricerca,Risposta
Informazioni Generali,Informazioni su nome e indirizzo parrocchia,"Parrocchia Sant'Eugenio | Basilica in Roma, Viale delle Belle Arti 10, 00196 Roma"
Informazioni Generali,Motto parrocchia,"""Cercare Dio nella vita quotidiana"""
Informazioni Generali,Link sito parrocchia,www.parrocchiasanteugenio.it
Informazioni Generali,Link pagina Facebook parrocchia,fb.com/basilica.santeugenio.9
Informazioni Generali,Link canale YouTube parrocchia,@santeugenio
Principi generali,Richiesta appuntamenti,Policy: Non fornire date specifiche. Confermare solo che la richiesta è stata annotata.
Tipologie di email,Email con proposte pastorali o culturali,1. Ringrazia il mittente. 2. Conferma che la proposta sarà esaminata a breve. 3. Comunica che verrà fornita una risposta in tempi rapidi. 4. Individua nel testo ricevuto elementi positivi e inserisci nella risposta un apprezzamento specifico per essi.
Tipologie di email,Richiesta certificati,Se richiesto un certificato: rispondere che sarà prodotto al più presto. Se e solo se viene specificato l’invio via email: rispondere che sarà inviato via email nel più breve tempo possibile. Se non viene indicata la preferenza per l’invio via email: rispondere che il richiedente sarà avvisato quando il certificato sarà pronto.
Tipologie di email,Richiesta certificato idoneità padrino/madrina,"Per ottenere il certificato di idoneità a fare da padrino o madrina, è necessario presentarsi personalmente in parrocchia durante gli orari di apertura della basilica per dichiarare di essere in condizioni di assumere questo impegno. Generalmente questo certificato è rilasciato dalla parrocchia presso la quale attualmente si risiede."
Tipologie di email,Email con scheda iscrizione catechesi,Rispondere che siamo lieti di raccogliere la loro iscrizione
Tipologie di email,Richiesta affitto locali parrocchiali,"La parrocchia vuole destinare le strutture di cui dispone esclusivamente per fini pastorali e di catechesi. Per questo motivo non li diamo in affitto per feste, riunioni condominiali, corsi professionali e simili."
Tipologie di email,Richiesta segnalazione badanti o colf,Rispondere che si prenderà in considerazione la richiesta e che si invierà a breve una risposta.
Tipologie di email,Richiesta di celebrazione di una Messa in giorno e ora specifico,"Se e solo se l'interlocutore chiede che venga celebrata una Messa in un giorno e ora specifici, rispondere che la segreteria esaminerà se per la data e ora richieste è possibile accontentare la richiesta e farà sapere al più presto. La Chiesa stabilisce di applicare solo una intenzione per Messa."
Tipologie di email,Richiesta di celebrazione di una Messa o più Messe per una intenzione,Rispondere che collocheremo la celebrazione o le celebrazioni richieste nelle Messe ancora libere da intenzioni e comunicheremo la data o le date stabilite.
Tipologie di email,Richiesta informazioni celebrazione battesimo di bambini,"Celebriamo il battesimo preferibilmente il sabato sera o nel giorno di domenica, all'interno della Messa. Prepariamo i genitori e i padrini al sacramento in un incontro della durata di circa un'ora da fissare col sacerdote celebrante, nei giorni anteriori al Battesimo. Se e solo se l'interlocutore avanza richieste particolari (celebrazione in un altro giorno, senza la Messa, con un sacerdote esterno...) invitare a contattare direttamente il parroco."
Tipologie di email,Richiesta di fissare la data per un matrimonio o un battesimo o un funerale,Rispondere che la segreteria esaminerà se è possibile accontentare la richiesta e farà sapere al più presto.
Tipologia di email,Richiesta celebrazione battesimo,A chi chiede che i propri figli vengano battezzati nella nostra parrocchia rispondere che siamo lieti di poterlo fare. Ci metteremo al più presto in contatto con il richiedente per stabilire data e altr dettagli.
Contatti,Contatti parrocchia,Tel: 06 320 19 23. Email: info@parrocchiasanteugenio.it
Contatti,Orari apertura segreteria,"Dal lunedì al venerdì, 8:00-12:00"
Orari Basilica,Orari basilica invernali,8:00-12:00 e 16:00-20:00
Orari Basilica,Orari basilica estivi,8:00-12:00 e 17:00-20:00
Orari Messe,Orari Messe sabato invernali,"8:00, 19:00"
Orari Messe,Orari Messe feriali invernali,"7:25, 13:15, 19:00"
Orari Messe,Orari Messe festive invernali,"9:30, 11:00, 12:15, 13:15, 17:30, 19:00"
Orari Messe,Orari Messe estivi,"Feriali (Lun-Ven): 7:25, 19:00. Sabato: 8:00, 19:00. Festivi: 9:30, 11:00, 12:15, 19:00"
Orari Messe,Giorni Speciali,"Nelle solennità e feste di precetto, l'orario delle Messe è quello domenicale. PERIODO INVERNALE (ore 9.30, 11.00, 12.15, 13.15, 17.30, 19.00): 1 gennaio, 6 gennaio, 1 novembre, 8 dicembre, 25 dicembre, e 29 giugno se cade in periodo invernale. PERIODO ESTIVO (ore 9.30, 11.00, 12.15, 19.00): 15 agosto, e 29 giugno se cade in periodo estivo."
Orari Messe,Giorni Speciali,"I giorni 25 aprile, 1 maggio, il lunedì successivo alla Pasqua e il 26 dicembre si celebra esclusivamente la Messa delle 19"
Confessioni,Orari confessioni,"Tutti i giorni, negli orari di apertura della Basilica."
Celebrazioni Liturgiche,Date e orari Novena Immacolata,"30 Novembre - 7 Dicembre. S. Rosario 18:30, S. Messa 19:00"
Celebrazioni Liturgiche,Date e orari Solennità Immacolata,"8 Dicembre. S. Rosario 10:30, S. Messa 11:00"
Celebrazioni Liturgiche,Orario Messa Notte di Natale,24 Dicembre. S. Messa ore 24:00
Celebrazioni Liturgiche,Date Esercizi Spirituali Pasquali,"14, 15 e 16 aprile 2025 dalle 17:00 alle 19:30"
Celebrazioni Liturgiche,Date Triduo Pasquale,"17 aprile (Giovedì Santo), 18 aprile (Venerdì Santo), 19 aprile (Sabato Santo) 2025"
Celebrazioni Liturgiche,Data Prime Comunioni,17/05/2025 - Ore 10:45
Celebrazioni Liturgiche,Data Cresime,24 maggio 2026 - Ore 17:30
Celebrazioni Liturgiche,Data Festa di S. Eugenio,"05/06/2026 - S. Messa ore 19:00, Festa Parrocchiale ore 20:00"
Attività Liturgiche,Orari Adorazione Eucaristica,Ogni giovedì dalle 18:00 alle 19:00 (escluso periodo estivo)
Prime Comunioni,Data ritiro preparazione Cresime,09/05/2026. Dalle 10 alle 16.
Prime comunioni,Data incontro genitori Prime Comunioni,15 maggio 2026 - Ore 20.30 presso l'Auletta rossa dell'Icef. Entrata dal cortile.
Cresime,Data ritiro preparazione Cresime,"23 maggio 2026. Ore 15:30. Entrata dal cortile, Teminerà intorno alle 17.30."
Cresime ragazzi,Data incontro genitori Cresime ragazzi,22 maggio 2026 - Ore 20.30 presso l'Auletta rossa dell'Icef. Entrata dal cortile
Catechesi del buon Pastore,Data inizio catechesi,"21/09/2025 per frequentanti, 19/10/2025 per i nuovi iscritti"
Catechesi prime comunioni e Cresime ragazzi,Data inizio catechesi,"21/09/2025 alle ore 10, in Aula Magna"
Catechesi prime comunioni e Cresime ragazzi,Data fine catechesi,10/05/2026
Corsi prematrimoniali: primo corso,Data inizio catechesi,03/10/2026 alle ore 17.30
Corsi prematrimoniali: secondo corso,Data inizio catechesi,07/03/2026 alle ore 17.30
Corsi prematrimoniali,Date incontri primo corso,"4/10/2025, 11/10/2025, 18/10/2025, 25/10/2025; 08/11/2025, 15/11/2025, 22/11/2025 29/11/2025; 13/12/2025"
Corsi prematrimoniali,Date incontri secondo corso,"07/03/2026,14/03/2026, 21/03/2026, 28/03/2026; 11/04/2026, 18/04/2026; 09/05/2026, 16/05/2026, 23/05/2026"
Preparazione alla cresima adulti: primo corso,Data inizio catechesi,10/10/2026 alle ore 16.30
Preparazione alla cresima adulti: secondo corso,Data inizio catechesi,14/03/2026 alle ore 16.30
Preparazione alla cresima adulti,Date incontri primo corso,"11/10/2025, 18/10/2025, 25/10/2025; 08/11/2025, 15/11/2025, 22/11/2025 29/11/2025; 13/12/2025"
Preparazione alla cresima adulti,Date incontri secondo corso,"14/03/2026, 21/03/2026, 28/03/2026; 11/04/2026, 18/04/2026; 09/05/2026, 16/05/2026, 23/05/2026"
Catechesi,Orari lezioni catechesi adulti,"Lezioni di teologia tenuti dai sacerdoti della Parrocchia di S. Eugenio. Don Miquel Delgado, domenica alle ore 10,00 - Don Miquel Delgado, giovedì ore 19,30 - Don Raimondo Sanfilippo, mercoledì alle ore 19,30: Lettere di San Paolo: Efesini, Filippesi, Colossesi"
Catechesi,Informazioni catechesi Buon Pastore,"Esperienza formativa per bambini dai 3 agli 8 anni che si ispira alla pedagogia di Maria Montessori. Si svolge domenica alle 10:00. Motto: ""Far conoscere le parole di Gesù anche ai più piccoli"". Gli incontri avvengono in un ambiente appositamente allestito, chiamato “atrio” dove i bambini hanno la possibilità di esplorare materiali didattici e simbolici. I catechisti, appositamente formati, accompagnano i bambini in questo percorso di approfondimento. Fin dall’inizio della catechesi, i bambini vengono introdotti ai primi elementi della fede cristiana, come la figura del Buon Pastore, il simbolismo del Battesimo, l’Eucarestia e altri misteri della vita di Cristo. La catechesi del Buon Pastore riconosce l’importanza dell’ascolto delle parabole, del lavoro con gli oggetti e del silenzio come strumenti efficaci per far comprendere ai bambini il messaggio del Valgelo in modo concreto e significativo."
Catechesi,Iscrizioni catechesi Buon Pastore,"Contattare la segreteria e consegnare l'apposito modulo, scaricabile dal sito (vedi collegamento). 21 settembre per frequentanti. I nuovi iscritti della catechesi del Buon Pastore (3-8 anni) iniziano il 19 ottobre."
Catechesi,Informazioni catechesi Prima Comunione,Per bambini di 3ª e 4ª elementare. Domenica ore 10:00. Richiesta presenza di almeno un genitore alla catechesi parallela e partecipazione alla S. Messa delle 11:00
Catechesi,Iscrizioni catechesi Prima Comunione,"Modulo presso segreteria o online + Certificato di Battesimo (se non ricevuto a S. Eugenio, scrivere ""battezzato/a a S. Eugenio"" nelle osservazioni)"
Catechesi,Informazioni catechesi Cresima Ragazzi,"Per ragazzi di 5ª elementare, 1ª e 2ª media. Domenica ore 10:00. Percorso di due anni. Richiesta presenza genitori alla catechesi e Messa"
Catechesi,Iscrizioni catechesi Cresima Ragazzi,Modulo (anche online) + Certificato di Battesimo + successivamente Certificato di Idoneità del Padrino/Madrina
Catechesi,Orari incontri formazione adolescenti,La seconda e la quarta domenica del mese alle ore 10 con con Don Juan Rego
Catechesi,Orari incontri formazione giovani,Martedì ore 21:00 con Don Michele Delgado e Don Juan Rego
Catechesi,Informazioni catechesi Cresima Adulti,"Due possibilità lungo l'anno di partecipare a un corso (8 incontri). A partire dal secondo sabato di ottobre oppure dal secondo sabato di marzo. Si svolgono sempre di sabato, alle ore 16:30."
Buon Pastore,Link modulo iscrizione catechesi,tinyurl.com/buonpastore
Prima comunione,Link modulo iscrizione catechesi,tinyurl.com/cateche
Cresima ragazzi,Link modulo iscrizione catechesi,tinyurl.com/cateche
Cresima adulti,Link modulo iscrizione catechesi,tinyurl.com/cresimapr
Corso prematrimoniale,Link modulo iscrizione catechesi,https://tinyurl.com/prematri
Catechesi,Alternative per chi non può seguire una catechesi,"Possibilità di programmi personalizzati per giorno e ora, per venire incontro alle esigenze di lavoro. Scrivere nuovamente alla segreteria per illustrare le ragioni della incompatibilità di date o orari e proporne di diversi."
Padrini,Requisiti,"I criteri di idoneità per fre da padrino o madrina sono: aver compiuto 16 anni, non vivere in convivenza né essersi sposati solo civilmente, non aver procurato divorzio o essersi risposati civilmente, non essere genitore del cresimando, impegnarsi a condurre vita cristiana conforme alla fede."
Catechesi,Informazioni corsi prematrimoniali,"Corso di preparazione al matrimonio. Il corso consta di 9 incontri. Le lezioni si svolgeranno il sabato alle ore 17,30. È necessario compilare il modulo per iscriversi (scaricabile anche dal sito) Il modulo può essere consegnato via emai all'indirizzo della parrocchia o a mano anche il giorno stesso del primo incontro. Primo corso: 4 – 11 – 18 – 25 OTTOBRE, 8 – 15 – 22 – 29 NOVEMBRE, 13 DICEMBRE 2025 / Secondo corso 9 – 14 – 21 – 28 MARZO, 9 – 18 APRILE, 9 - 16 - 23 MAGGIO 2026"
Matrimoni,Documenti necessari per matrimonio,"Da preparare 5-6 mesi prima. Documenti religiosi: Certificato di Battesimo uso matrimonio + Certificato di Cresima. Documenti civili: Certificato contestuale in carta semplice (Residenza, cittadinanza e STATO CIVILE e NON,come erroneamente avviene, lo stato libero)."
Matrimoni di stranieri,Documenti necessari per matrimonio di stranieri,"SE E SOLO SE CHI SCRIVE È STRANIERO (cittadino NON italiano, residente all'estero):

⚠️ ATTENZIONE: Questa procedura NON si applica agli italiani di altre regioni (siciliani, pugliesi, lombardi, ecc.). Gli italiani residenti fuori Roma seguono una procedura ordinaria: pratica prematrimoniale nella loro parrocchia di domicilio, Nulla Osta del Vescovo locale al Vicariato di Roma, modello quattordici. NON serve Nulla Osta Consolare né contatto con consolati.

SOLO PER STRANIERI (cittadini non italiani):
1. Rallegrarsi per la loro decisione di sposarsi e di aver scelto la nostra parrocchia romana, come luogo delle nozze. 
2. USARE NELLA RISPOSTA LA STESSA LINGUA IN CUI HANNO SCRITTO 
3. Informarli di quanto segue: Se sono stranieri e vivono all'estero e hanno scelto di sposarsi presso la nostra parrocchia, la prima cosa che devono fare (se non lo hanno già fatto) è recarsi nella chiesa più vicina al luogo dove abitano per chiedere informazioni al parroco al fine di frequentare il corso prematrimoniale: il corso li aiuterà a scoprire/approfondire la bellezza del matrimonio cristiano. Poiché vivono all'estero, il loro parroco è, di fatto, quello della parrocchia nella cui circoscrizione è situata la loro abitazione: devono parlare con lui per ricevere tutte le informazioni sulle pratiche burocratiche. Devono tenere però presente che in alcuni periodi dell'anno a Roma è vietato celebrare matrimoni, per esempio in Quaresima. Dopo il corso prematrimoniale devono realizzare, con il loro parroco, la pratica prematrimoniale, che è l'indagine (con la contestuale raccolta dei documenti religiosi) con cui il parroco, a nome della Chiesa, li accoglie e li autorizza a celebrare le nozze. Questa pratica prematrimoniale deve iniziare non prima di sei mesi rispetto alla data delle nozze. Conclusa la pratica prematrimoniale, il parroco chiederà che il Vescovo locale firmi il Nulla Osta e invii al Vicariato di Roma tutta la documentazione per posta urgente o può consegnarla a loro, perché loro stessi la inviino. Il Vicariato di Roma provvederà a compilare il Documento Finale chiamato ""modello quattordici"" (modello quattordici), e la consegnerà a loro o a un delegato munito di regolare procura, perché possano portarlo, prima della celebrazione, alla nostra chiesa, per le nozze. Attenzione: in Italia è necessario che i matrimoni religiosi abbiano conseguenze civili (matrimonio concordatario) o che il matrimonio civile preceda quello religioso. Per questo il Vicariato darà il suddetto Documento Finale ""modello quattordici"" solamente dopo aver ricevuto la certificazione di matrimonio civile (se sono già coniugi civili), o il ""Nulla Osta Consolare"" del loro Consolato qui a Roma (se vogliono celebrare un matrimonio concordatario). Per maggiori informazioni sul modello di Nulla Osta Consolare che lo Stato Italiano richiede per le celebrazioni delle nozze conviene consultare la pagina web del Ministero degli Affari Esteri (https://www.esteri.it/mae/en/servizi/italiani-all-estero/stato-civile/matrimonio_0.html). A volte il Vicariato di Roma consiglia di celebrare il matrimonio civile nel proprio paese e inviare la certificazione di matrimonio civile al Vicariato in modo da celebrare a Roma solamente il matrimonio religioso. Per qualsiasi dubbio o problema non esitino a domandarci. Viva i futuri sposi!"
Catechesi,Informazioni percorso 12 Ceste,"Per single mai sposati di età 34-55 anni. Percorso di crescita spirituale e umana attraverso catechesi e anche altri momenti di incontro (gite, passeggiate, attività caritative). Incontri domenicali una volta al mese: ore 15:00 Catechesi, ore 16:00 Condivisione, ore 17:30 S. Messa. Calendario consultabile sul sito. Maggiori informazioni sono rinvenibili presso il sito delle 12 Ceste: www.12ceste.it"
Catechesi,Date incontri 12 Ceste,19/10/2025 - 16/11/2025 - 21/12/2025 - 18/01/2026 - 15/02/2026 - 15/03/2026 - 19/04/2026 - 17/05/2026
Catechesi,Orari incontri giovani coppie,"Terzo sabato del mese, dalle 17:30 alle 19."
Sacramenti,Orari confessioni sacerdoti,"Don Michele Delgado:   martedì ore 17,00 – 19,30   mercoledì ore 9,30 – 12,00   sabato ore 18,45 – 19,30 | Don Raimondo Sanfilippo:  lunedì ore 17,30 – 19,30  mercoledì ore 8,30 – 9,30  giovedì ore 8,30/12.00 – 18.45/19,30 | Don Juan Rego: lunedì 9,00 – 12,00  domenica 10,30/13,30 – 17,30/19,00  | Altri confessori tutti i giorni feriali 10,00/12,00 – 17,30/19,30"
Offerta di collaborazione volontaria,Richiesta collaborazione volontaria,"Persone disponibili a: dedicarsi all’ascolto dei bisognosi il mercoledì mattina (dispensario indumenti e alimenti, ore 8:30–11:00);  aiutare i catechisti nella preparazione alla Prima Comunione;  coprire qualche turno di segreteria (centralino, prima accoglienza, distribuzione di piccole elemosine, custodia);  collaborare nell’organizzazione di attività (pellegrinaggi, cineforum, iniziative culturali)."
Attività,Servizi Caritas parrocchiale,"Distribuzione indumenti e generi alimentari, servizio di ascolto, piccoli sussidi economici. Mercoledì mattina 8:30-10:30, accesso dal campetto a sinistra della Basilica"
Attività,Ricerca di lavoro,"Centro di ascolto per persone bisognose e in cerca di lavoro. Mercoledì mattina tra le 8:30 e le 11, oppure chiedendo un appuntamento inviando una email a: lavoro@parrocchiasanteugenio.it"
Attività,Raccolta indumenti Caritas,"Indumenti usati in buone condizioni. Consegna dal lunedì al venerdì durante orari di segreteria (8:00-12:00 e 16:00-19:00), avvisando il personale. Solo giacconi e scarpe da uomo."
Attività,Attività volontariato giovani,"Prima domenica di ogni mese, dalle 15:00 alle 18:00. Contattare don Juan Rego per maggiori dettagli. Email di don Juan Rego:  rego@pusc.it"
Attività,Informazioni Tiber Club,Attraverso il Tiber Club si offre un percorso educativo per bambini/ragazzi basato su valori cristiani e metodo collaborativo. Consulta il sito Tiber Club: https://tiberclub.org/
Attività,Informazioni Arcogrande,"Attraverso il Club Arcogrande, si offre un percorso educativo per bambine/ragazze basato su valori cristiani e metodo collaborativo. Consulta il sito Arcogrande: https://www.arcogrande.org/index.html"
Attività,Informazioni coro parrocchiale,Anima le celebrazioni liturgiche dellla domenica e quelle più importanti nel corso dell'anno. Canto corale il giovedì dalle ore 20:00 alle 22:00
Chi Siamo,Nome parroco,Don Miquel Delgado
Chi Siamo,Nome vicario parrocchiale (viceparroco),Don Raimondo Sanfilippo
Chi Siamo,Nome collaboratore parrocchiale,Don Juan Rego
Chi Siamo,Descrizione artistica esterno basilica,"Facciata in travertino ispirata al tardo '500 romano, sculture di A. Monteleone e F. Nagni, campanile di 33 metri con 8 campane. Dettagli sul sito."
Chi Siamo,Descrizione artistica interno basilica,"Pianta a croce latina a tre navate, sei cappelle laterali, undici altari. Opere di Francesco Messina, Venanzo Crocetti, Pericle Fazzini, G. Prini, Vico Consorti. Via Crucis in bronzo (opere vari artisti tra cui Manzù), vetrate istoriate. Dettagli qui: https://www.parrocchiasanteugenio.it/cenni-artistici/"
Territorio,Confini territoriali parrocchia,• Via Adolfo Cancani – 00197 ROMA • Via Antonio Allegri da Correggio – 00196 ROMA • Via Antonio Gramsci – 00197 ROMA • Via Armando Spadini – 00197 ROMA  • Via Bartolomeo Ammannati – 00197 ROMA • Piazzale delle Belle Arti – 00196 ROMA • Viale delle Belle Arti – 00196 ROMA • Viale Bruno Buozzi – 00197 ROMA (solo numeri dispari dal 109/A in poi) • Viale Bruno Buozzi – 00197 ROMA (solo numeri pari dal 90 in poi) • Via Cardinal De Luca – 00196 ROMA • Via Carlo Dolci – 00197 ROMA • Via Cesare Fracassini – 00196 ROMA (solo numeri dispari) • Via Cimabue – 00196 ROMA • Via Domenico Alberto Azuni – 00196 ROMA (solo numeri pari) • Piazzale Don Giovanni Minzoni – 00197 ROMA • Via Enrico Chiaradia – 00196 ROMA • Via Enrico Pessina – 00196 ROMA • Via Filippo Lippi – 00197 ROMA • Via Flaminia – 00196 ROMA (solo numeri dispari dal 109 al 217) • Via Flaminia – 00196 ROMA (solo numeri pari dal 158 al 162) • Lungotevere Flaminio – 00196 ROMA (tutti i numeri dal 16 al 38) • Via Francesco Jacovacci – 00197 ROMA • Via Giovanni Vincenzo Gravina – 00196 ROMA • Via Giuseppe Ceracchi – 00197 ROMA • Via Giuseppe De Notaris – 00197 ROMA • Via Giuseppe Mangili – 00197 ROMA (solo numeri dispari) • Via Jacopo da Ponte – 00197 ROMA • Via Luigi Canina – 00196 ROMA • Piazzale Manila – 00196 ROMA • Piazza Marina – 00196 ROMA (tutti i numeri dal 24 al 35) • Piazza della Marina – 00121 ROMA (tutti i numeri dal 24 al 35) • Piazzale Miguel Cervantes – 00197 ROMA • Largo dei Monti Parioli – 00197 ROMA • Via Monti Parioli – 00197 ROMA (solo numeri dispari dall’1 al 33) • Via Monti Parioli – 00197 ROMA (solo numeri pari dal 4 al 62) • Lungotevere delle Navi – 00196 ROMA • Via Omero – 00197 ROMA (solo numeri dispari) • Via Paolo Bartolini – 00197 ROMA • Salita dei Parioli – 00197 ROMA (solo numeri pari) • Via Pietro da Cortona – 00196 ROMA • Via Pietro Paolo Rubens – 00197 ROMA (solo numeri pari) • Via Pomarancio – 00197 ROMA • Via Sandro Botticelli – 00196 ROMA • Via Sassoferrato – 00197 ROMA • Via Sebastiano Conca – 00197 ROMA • Viale Tiziano – 00196 ROMA • Via Ulisse Aldrovandi – 00197 ROMA (solo numeri dispari dall’1 al 9) • Via Valmichi – 00197 ROMA (solo numeri dispari) • Via di Villa Giulia – 00196 ROMA • Piazzale di Villa Giulia – 00196 ROMA
Territorio,Istruzioni per verifica indirizzi - IMPORTANTE	,"Quando verifichi se un indirizzo è in parrocchia, devi controllare ESATTAMENTE i criteri. Per ogni via, rispetta STRETTAMENTE i numeri civici indicati: se dice ""dal 109 al 217 dispari"" accetta SOLO i numeri dispari tra 109 e 217 (111, 113, 115... 215, 217). Se il numero è fuori range, NEGA. In caso di dubbio, consiglia di contattare la segreteria.
"
Territorio,Luoghi sussidiari culto parrocchia,Chiesa Rettoria Sant’Andrea del Vignola Via Flaminia 194 – 00196 ROMA. Viene celebrata una Messa per i copti cattolici ogni domenica nel pomeriggio. Gli orari sono affissi alla porta della chiesa. Arco Oscuro – Cappella della Divina Provvidenza – Viale Belle Arti rif. ingresso Museo Etrusco. Viene aperta a richiesta. Celebrazione della Messa il giovedì mattina alle 13.15 durante il mese di maggio.
Territorio parrocchiale,Enti presenti nel territorio parrocchia,• Chiesa Rettoria Sant’Andrea del Vignola • Arco Oscuro – Cappella della Divina Provvidenza • Casa Generalizia «Villa San Francesco» (Serve di Gesù della Carità (S.d.J.) • Casa di Cura «Valle Giulia» • Casa di Riposo «Villa San Francesco» • Ambasciata d’Italia presso la Santa Sede
Chi Siamo,Tipo edificio parrocchia,Basilica minore
Donazioni,Modalità donazione,"Donazioni tramite sito web con carta di credito, PayPal, Satispay, Tinaba o Bonifico Bancario"
Donazioni,Dati bonifico bancario,"Beneficiario: Parrocchia Sant'Eugenio. IBAN: IT 77 U 030 6909 6061 0000 0125 525. Causale: ""CONTRIBUTO PER LE ATTIVITÀ PASTORALI"""
Informazioni generali,Informazioni su adempimenti finanziari,La segreteria si occupa anche del pagamento di ciò che è dovuto a terzi.
Attività parrocchiale,Prossimo appuntamento del Cineforum,Domenica 26 ottobre 2025 alle ore 16. Film: Io sono ancora qui. Scheda: bit.ly/cineugenio
Attività parrocchiali,Mostra permanente della Sindone,"Sabato 29/11/2025 ore 11.00 - Appuntamento all'ATENEO PONTIFICIO REGINA APOSTOLORUM - APRA - Via degli Aldobrandeschi 190 (RM) - posti limitati, Max 40 persone. Per adesioni info@parrocchiasanteugenio.it"
Attività parrocchiali,Informazioni pellegrinaggio Sette Chiese,Sabato 30/05/2026 - Orari: 8:30-17:30. Appuntamento presso la fermata metro Ottaviano
Attività parrocchiali,Visita alla mostra permanente sulla sindone,"Sabato 22 novembre, ore 11. Presso il Pontificio Ateneo Regina Apostolorum, via degli Aldobrandeschi, 190, Roma"
Attività parrocchiali,Raccolta alimentare,Presso Coop Colli Aniene. Sabato 13 dicembre dalle 9 alle 19. Coordina don Raimondo Sanfilippo: rasanfil@gmail.com
Attività parrocchiali,Informazioni cineforum,"Ultima domenica del mese da ottobre a maggio, alle ore 16:00. Schede film qui: bit.ly/cineugenio"
Attività parrocchiali,Date cineforum,"26.X, 30.XI, 28.XII 2025. 25.I, 22.II, 29.III, 26.IV e 31.V 2026"
Attività parrocchiali,Informazioni spazio poesia,Invio contributi a: poesia@parrocchiasanteugenio.it. Poesie meritevoli esposte settimanalmente in parrocchia e pubblicate in una pagina web dedicata: bit.ly/spaziopoesia.
Attività parrocchiali,Raccolta alimentare a S. Eugenio,Domenica 14 e 21 dicembre dalle ore 9-13 e dalle 17-20. Si prega di donare solo cibi a lunga conservazione. La raccolta verrà effettuata sotto i portici del cortile della parrocchia in viale delle Belle Arti 10 
Attività parrocchiali,Mercatino di Natale - Dicembre solidale,Sabato 13 e domenica 14 - sabato 20 e domenica 21 dicembre. Dalle ore 10.30/13.30 e dalle 17/20. Vendita di oggettistica e gastronomia a beneficio degli assistiti. L'esposizione si terrà nei locali parrocchiali 
Attività Parrocchiali,Concerto di Natale,"Domenica 14 dicembre alle ore 19 dirige il Maestro Ida Piccolantonio. Saranno eseguite musiche natalizie tradizionali, antiche e moderne, e per la prima volta lo spiritual ""Tell me Lord"" del Maestro Andrea Foscarini - INGRESSO LIBERO"
Attività parrocchiali,Corso di danza,"Per bambine dai 5 anni e ragazze dagli 11 anni fino ai 15. Inizio giovedì 23 ottobre 2025, ore 16.30"
Eventi Speciali,"pellegrinaggio santiago 2026, cammino santiago, tui santiago, iscrizione pellegrinaggio, costi pellegrinaggio santiago","═══════════════════════════════════════════════════════════════
PELLEGRINAGGIO A SANTIAGO DE COMPOSTELA 2026
═══════════════════════════════════════════════════════════════

📅 DATE: 27 giugno - 4 luglio 2026 (8 giorni totali)
🚶 PERCORSO: Tui (Portogallo) → Santiago de Compostela (Spagna)
   • 6 tappe a piedi (~120 km totali)
   • Media 20 km al giorno
   • Percorso adatto a tutti con preparazione fisica di base

───────────────────────────────────────────────────────────────
💰 OPZIONI ALLOGGIO E COSTI
───────────────────────────────────────────────────────────────

1️⃣ OSTELLO (Camere condivise)
   Costo: 250€
   Include:
   ✓ 6 notti in ostello
   ✓ Trasporto bagagli tra le tappe
   ✗ Pasti (da gestire autonomamente)
   ⚠️ IMPORTANTE: Portare il proprio sacco a pelo

2️⃣ ALBERGO (Stanze private)
   Costi per persona:
   • Camera singola: 640€
   • Camera doppia: 475€
   • Camera tripla: 460€
   Include:
   ✓ 6 notti in albergo
   ✓ Trasporto bagagli
   ✗ Pasti (da gestire autonomamente)

💡 SUPPLEMENTO OPZIONALE
   • Colazioni: +70€ (da aggiungere al costo base scelto)

───────────────────────────────────────────────────────────────
✈️ VIAGGIO (costi NON inclusi nelle quote sopra)
───────────────────────────────────────────────────────────────

VOLO AEREO (stimato ~200€)
• Partenza: Roma Fiumicino → Porto (Portogallo)
• Ritorno: La Coruña → Roma Fiumicino
TRANSFER AEROPORTO (stimato ~80€)
• Organizzato collettivamente dal gruppo

DETTAGLI:
Andata (27/6)
✈️ Volo Roma Fiumicino (FCO) → Porto (OPO)
Ryanair – FR 6007
Partenza: 10:45 – Arrivo: 12:45

🚌 Pullman Porto → Tui (organizzato)
📍 Partenza dall’aeroporto: 13:30 

RITORNO
🚌 Pullman Santiago → La Coruña (organizzato)
📍 Partenza dal centro città: 14:30

✈️ Volo La Coruña (LCG) → Roma Fiumicino (FCO)
Iberia - IB 460 (con scalo a Madrid)
Partenza: 17:45 - Arrivo: 00:15 (5 luglio)
INFO BAGAGLI: 
👉 Il servizio di trasporto bagagli accetta massimo 15 kg

➡️ Quindi, al momento dell’acquisto del volo:
Evitare il bagaglio da stiva da 20 kg
Scegliere un bagaglio che rientri nei 15 kg previsti dal servizio (es. bagaglio a mano da 10 kg, più eventuale piccola aggiunta consentita).
Durante la prenotazione i siti propongono pacchetti aggiuntivi (che oltre al bagaglio da stiva, includono la scelta del posto, l’imbarco prioritario ecc.): possono possono far salire il prezzo più del necessario. Se non si vogliono quei servizi aggiuntivi, conviene scegliere prima il volo e poi aggiungere il bagaglio in una schermata successiva, sempre prima del completamento dell’acquisto.
───────────────────────────────────────────────────────────────
📝 ISCRIZIONE E CONTATTI
───────────────────────────────────────────────────────────────

🔗 ISCRIZIONE ONLINE: tinyurl.com/santiago26
   (Modulo con tutti i dati richiesti)
Caparra: 150 €, da versare entro il 31 dicembre 2025
Saldo: entro il 15 maggio Condizioni di Rimborso

Annullamento entro il 20 aprile: rimborso totale della caparra, senza penali

Dal 21 aprile al 27 maggio: penale del 15% sulla quota

Annullamento negli ultimi 30 giorni prima della partenza: penalità pari al 50% della quota


Modalità: in contanti in segreteria parrocchiale oppure tramite bonifico
Intestazione: PARROCCHIA S. EUGENIO
IBAN: IT77U0306909606100000125525
Causale: Cammino di Santiago 2026
ℹ️ PROGRAMMA COMPLETO: tinyurl.com/cammino26
   (Pagina parrocchiale con dettagli e itinerario)

📧 CONTATTI: info@parrocchiasanteugenio.it
📞 Telefono: 06 3201923 (orari segreteria)

───────────────────────────────────────────────────────────────
🎒 PREPARAZIONE E CONSIGLI PRATICI
───────────────────────────────────────────────────────────────

COSA PORTARE (essenziale):
• Scarpe da trekking ben rodate (obbligatorio)
• Zaino comodo 20-25L
• Borraccia e bastoncini da cammino
• K-way o giacca antipioggia
• Sacco a pelo (se scelta ostello)
Nota: Le credenziali del pellegrino saranno fornite all'arrivo a Tui

PREPARAZIONE FISICA (consigliata):
• Iniziare 2-3 mesi prima
• Camminate progressive di 10-15 km
• Testare scarpe e zaino in anticipo
• Non serve esperienza trekking, ma discreta forma fisica

DOCUMENTI E SALUTE:
• Tessera sanitaria europea (obbligatoria)
• Kit primo soccorso personale (soprattutto rimedi per i piedi)

───────────────────────────────────────────────────────────────
📋 INFORMAZIONI UTILI
───────────────────────────────────────────────────────────────

✓ Aperto a: Ragazzi dai 16 anni, adulti, anziani in forma
✓ Accompagnamento spirituale durante il cammino
✓ Messa quotidiana
✓ Gruppo parrocchiale con coordinatori esperti
✓ Possibilità ""Compostela"" (certificato ufficiale pellegrino)

⚠️ I pasti NON sono inclusi (budget ~15-20€ al giorno)
⚠️ Costo totale stimato: quota scelta + volo (~200€) + transfer (~80€) + pasti
⚠️ Prenotazioni soggette a disponibilità
───────────────────────────────────────────────────────────────
"